{"cameraMode":{"drawMode":0,"name":"Shaded","section":"Shading Mode"},"sceneLighting":false,"audioPlay":false,"sceneViewState":{"showFog":true,"showMaterialUpdate":false,"showSkybox":false,"showFlares":true,"showImageEffects":true,"showParticleSystems":true},"in2DMode":false,"pivot":{"x":1.2824537754058838,"y":0.7485427856445313,"z":0.27350854873657229},"rotation":{"x":0.0035319551825523378,"y":0.9775141477584839,"z":-0.2101997435092926,"w":0.016424668952822686},"size":177.5481719970703,"orthographic":false}