{"cameraMode":{"drawMode":0,"name":"Shaded","section":"Shading Mode"},"sceneLighting":false,"audioPlay":false,"sceneViewState":{"showFog":true,"showMaterialUpdate":false,"showSkybox":false,"showFlares":true,"showImageEffects":true,"showParticleSystems":true},"in2DMode":false,"pivot":{"x":-1.1891846656799317,"y":0.7675399780273438,"z":0.18186044692993165},"rotation":{"x":0.0035319551825523378,"y":0.9775141477584839,"z":-0.2101997435092926,"w":0.016424668952822686},"size":4.7017598152160648,"orthographic":false}